filename,width,height,class,xmin,ymin,xmax,ymax
026_00101.jpg,1280,720,rumex,869,423,991,607
026_00066.jpg,1280,720,rumex,832,197,954,351
017_top_grass00046.jpg,1280,720,rumex,453,230,564,311
002_00086.jpg,1280,720,rumex,1,2,233,246
002_00081.jpg,1280,720,rumex,555,4,978,404
018_top_grass00176.jpg,1280,720,rumex,527,169,569,263
002_00016.jpg,1280,720,rumex,195,244,275,328
00196.jpg,1280,720,rumex,531,1,1027,454
017_top_grass00181.jpg,1280,720,rumex,742,622,816,665
003_00101.jpg,1280,720,rumex,384,329,707,526
025_hand_grass00026.jpg,1280,720,rumex,615,169,854,238
01781.jpg,1280,720,rumex,6,10,1151,720
024_hand_bush00176.jpg,1280,720,rumex,487,191,761,430
024_hand_bush00011.jpg,1280,720,rumex,516,250,848,569
01666.jpg,1280,720,rumex,1,3,1040,711
018_top_grass00171.jpg,1280,720,rumex,447,337,543,473
027_00011.jpg,1280,720,rumex,271,1,367,101
022_top_bush00021.jpg,1280,720,rumex,690,1,924,137
026_00026.jpg,1280,720,rumex,848,1,960,133
004_00251.jpg,1280,720,rumex,13,1,139,192
002_00091.jpg,1280,720,rumex,818,223,1259,634
00836.jpg,1280,720,rumex,20,82,1089,720
026_00086.jpg,1280,720,rumex,728,93,867,245
00796.jpg,1280,720,rumex,4,8,1260,720
00551.jpg,1280,720,rumex,16,58,1216,720
002_00051.jpg,1280,720,rumex,893,1,1101,183
018_top_grass00046.jpg,1280,720,rumex,164,140,256,220
018_top_grass00046.jpg,1280,720,rumex,669,167,706,204
002_00116.jpg,1280,720,rumex,524,455,947,720
018_top_grass00051.jpg,1280,720,rumex,674,207,705,241
018_top_grass00041.jpg,1280,720,rumex,64,1,159,57
019_top_grass00081.jpg,1280,720,rumex,753,401,827,457
019_top_grass00131.jpg,1280,720,rumex,626,615,679,695
00991.jpg,1280,720,rumex,24,1,725,718
028_00056.jpg,1280,720,rumex,734,1,835,63
002_00051.jpg,1280,720,rumex,165,615,261,715
026_00111.jpg,1280,720,rumex,754,284,890,434
030_00056.jpg,1280,720,rumex,656,261,862,551
001_00271.jpg,1280,720,rumex,979,184,1188,443
027_00026.jpg,1280,720,rumex,515,332,579,492
004_00131.jpg,1280,720,rumex,370,578,913,720
023_top_bush00081.jpg,1280,720,rumex,592,115,1131,720
018_top_grass00151.jpg,1280,720,rumex,655,265,701,359
002_00006.jpg,1280,720,rumex,1,146,142,419
002_00071.jpg,1280,720,rumex,547,1,995,184
018_top_grass00076.jpg,1280,720,rumex,784,214,855,310
001_00306.jpg,1280,720,rumex,665,248,1082,675
00846.jpg,1280,720,rumex,1,72,1081,709
018_top_grass00116.jpg,1280,720,rumex,89,556,201,653
022_top_bush00241.jpg,1280,720,rumex,461,431,833,720
002_00061.jpg,1280,720,rumex,867,1,1244,303
001_00056.jpg,1280,720,rumex,548,128,716,215
017_top_grass00276.jpg,1280,720,rumex,442,207,626,327
017_top_grass00056.jpg,1280,720,rumex,468,307,584,394
00811.jpg,1280,720,rumex,1,19,1247,712
001_00146.jpg,1280,720,rumex,842,91,1031,286
025_hand_grass00091.jpg,1280,720,rumex,361,298,839,420
017_top_grass00221.jpg,1280,720,rumex,729,465,806,520
008_00061.jpg,1280,720,rumex,528,241,735,388
017_top_grass00211.jpg,1280,720,rumex,486,500,634,578
001_00046.jpg,1280,720,rumex,512,1,596,57
01571.jpg,1280,720,rumex,1,5,982,691
00681.jpg,1280,720,rumex,6,18,1168,711
018_top_grass00046.jpg,1280,720,rumex,758,54,829,168
005_00141.jpg,1280,720,rumex,442,74,633,223
002_00471.jpg,1280,720,rumex,681,149,964,446
00996.jpg,1280,720,rumex,4,1,705,717
017_top_grass00236.jpg,1280,720,rumex,510,341,648,419
022_top_bush00016.jpg,1280,720,rumex,712,1,902,81
023_top_bush00051.jpg,1280,720,rumex,565,45,1089,499
01771.jpg,1280,720,rumex,15,12,1166,720
001_00186.jpg,1280,720,rumex,933,566,976,648
019_top_grass00101.jpg,1280,720,rumex,727,388,787,461
017_top_grass00091.jpg,1280,720,rumex,424,670,509,720
022_top_bush00231.jpg,1280,720,rumex,427,300,845,698
002_00451.jpg,1280,720,rumex,807,184,979,408
017_top_grass00116.jpg,1280,720,rumex,528,226,642,302
028_00101.jpg,1280,720,rumex,495,81,851,374
001_00176.jpg,1280,720,rumex,1078,1,1280,218
001_00051.jpg,1280,720,rumex,485,1,576,60
002_00116.jpg,1280,720,rumex,761,355,1090,523
002_00561.jpg,1280,720,rumex,1127,248,1210,395
008_00116.jpg,1280,720,rumex,425,564,695,720
01811.jpg,1280,720,rumex,4,3,970,720
01316.jpg,1280,720,rumex,1,17,704,595
00531.jpg,1280,720,rumex,2,11,1177,720
001_00141.jpg,1280,720,rumex,855,17,1045,197
00961.jpg,1280,720,rumex,1,1,861,713
003_00046.jpg,1280,720,rumex,484,206,947,349
002_00471.jpg,1280,720,rumex,721,374,893,634
022_top_bush00141.jpg,1280,720,rumex,585,412,784,720
026_00071.jpg,1280,720,rumex,699,1,835,146
017_top_grass00151.jpg,1280,720,rumex,543,485,653,554
027_00006.jpg,1280,720,rumex,544,195,605,340
018_top_grass00091.jpg,1280,720,rumex,817,290,882,394
017_top_grass00296.jpg,1280,720,rumex,740,351,876,452
01766.jpg,1280,720,rumex,19,13,1116,720
001_00066.jpg,1280,720,rumexw,482,168,673,260
00741.jpg,1280,720,rumex,29,9,1247,685
01431.jpg,1280,720,rumex,1,100,705,696
00576.jpg,1280,720,rumex,17,31,1218,720
002_00091.jpg,1280,720,rumex,558,92,945,395
001_00031.jpg,1280,720,rumex,368,4,398,40
017_top_grass00191.jpg,1280,720,rumex,517,594,647,661
00056.jpg,1280,720,rumex,1,177,359,649
00691.jpg,1280,720,rumex,1,7,1183,703
025_hand_grass00116.jpg,1280,720,rumex,542,273,1021,395
018_top_grass00111.jpg,1280,720,rumex,133,537,228,620
002_00116.jpg,1280,720,rumex,1,263,196,517
008_00036.jpg,1280,720,rumex,521,26,750,188
00431.jpg,1280,720,rumex,77,1,1106,713
005_00151.jpg,1280,720,rumex,408,124,601,283
008_00056.jpg,1280,720,rumex,515,200,731,360
021_top_bush00116.jpg,1280,720,rumex,542,324,948,692
024_hand_bush00061.jpg,1280,720,rumex,428,234,780,550
017_top_grass00286.jpg,1280,720,rumex,766,300,894,399
00936.jpg,1280,720,rumex,1,3,985,715
002_00061.jpg,1280,720,rumex,547,1,668,72
003_00076.jpg,1280,720,rumex,451,189,918,338
017_top_grass00176.jpg,1280,720,rumex,752,641,827,684
00986.jpg,1280,720,rumex,17,1,692,712
024_hand_bush00141.jpg,1280,720,rumex,427,184,816,521
018_top_grass00101.jpg,1280,720,rumex,68,368,153,409
023_top_bush00061.jpg,1280,720,rumex,581,1,1118,577
027_00061.jpg,1280,720,rumex,719,509,782,651
00011.jpg,1280,720,rumex,109,22,707,654
027_00066.jpg,1280,720,rumex,485,269,582,404
00891.jpg,1280,720,rumex,1,28,1030,706
002_00546.jpg,1280,720,rumex,1058,28,1141,175
003_00021.jpg,1280,720,rumex,505,237,795,374
022_top_bush00126.jpg,1280,720,rumex,489,198,859,668
028_00116.jpg,1280,720,rumex,513,220,855,517
01696.jpg,1280,720,rumex,1,32,1032,712
027_00066.jpg,1280,720,rumex,725,531,795,674
004_00096.jpg,1280,720,rumex,373,92,885,431
003_00126.jpg,1280,720,rumex,518,164,724,354
003_00026.jpg,1280,720,rumex,490,231,808,368
00051.jpg,1280,720,rumex,1,144,398,647
017_top_grass00221.jpg,1280,720,rumex,486,443,633,522
026_00141.jpg,1280,720,rumex,799,510,945,646
01546.jpg,1280,720,rumex,1,1,899,662
023_top_bush00056.jpg,1280,720,rumex,574,1,1106,548
023_top_bush00096.jpg,1280,720,rumex,573,226,1114,720
018_top_grass00086.jpg,1280,720,rumex,100,281,177,327
00356.jpg,1280,720,rumex,293,1,1048,629
025_hand_grass00016.jpg,1280,720,rumex,702,39,933,122
019_top_grass00076.jpg,1280,720,rumex,732,370,801,428
005_00176.jpg,1280,720,rumex,450,429,664,609
019_top_grass00016.jpg,1280,720,rumex,714,1,794,52
018_top_grass00151.jpg,1280,720,rumex,573,426,661,570
001_00271.jpg,1280,720,rumex,158,520,224,623
00881.jpg,1280,720,rumex,1,73,1124,715
018_top_grass00046.jpg,1280,720,rumex,74,35,158,95
017_top_grass00271.jpg,1280,720,rumex,734,177,873,274
00236.jpg,1280,720,rumex,427,1,964,476
028_00136.jpg,1280,720,rumex,575,460,906,720
028_00111.jpg,1280,720,rumex,488,172,847,469
026_00126.jpg,1280,720,rumex,789,386,933,528
00556.jpg,1280,720,rumex,39,40,1211,720
017_top_grass00146.jpg,1280,720,rumex,695,402,760,456
002_00086.jpg,1280,720,rumex,947,1,1188,206
00586.jpg,1280,720,rumex,1,13,1237,645
01411.jpg,1280,720,rumex,107,266,679,703
004_00116.jpg,1280,720,rumex,347,300,871,669
027_00071.jpg,1280,720,rumex,493,311,591,457
023_top_bush00016.jpg,1280,720,rumex,661,1,775,35
01446.jpg,1280,720,rumex,1,65,905,700
018_top_grass00121.jpg,1280,720,rumex,28,570,148,680
018_top_grass00136.jpg,1280,720,rumex,765,305,813,401
002_00081.jpg,1280,720,rumex,985,1,1195,174
001_00071.jpg,1280,720,rumexw,415,275,873,531
024_hand_bush00006.jpg,1280,720,rumex,498,243,835,563
018_top_grass00041.jpg,1280,720,rumex,758,2,826,116
022_top_bush00051.jpg,1280,720,rumex,269,86,898,429
017_top_grass00041.jpg,1280,720,rumex,621,263,691,304
00281.jpg,1280,720,rumex,414,1,1024,510
026_00061.jpg,1280,720,rumex,835,174,954,326
028_00106.jpg,1280,720,rumex,484,129,839,423
00676.jpg,1280,720,rumex,49,18,1088,657
01276.jpg,1280,720,rumex,1,5,616,473
022_top_bush00166.jpg,1280,720,rumex,464,1,677,187
001_00196.jpg,1280,720,rumex,284,231,479,446
00371.jpg,1280,720,rumex,249,1,1012,622
004_00281.jpg,1280,720,rumex,393,1,915,378
019_top_grass00041.jpg,1280,720,rumex,647,216,710,270
027_00016.jpg,1280,720,rumex,259,6,364,164
025_hand_grass00111.jpg,1280,720,rumex,519,274,1000,392
025_hand_grass00151.jpg,1280,720,rumex,576,261,935,339
01526.jpg,1280,720,rumex,4,20,1005,703
002_00361.jpg,1280,720,rumex,1110,1,1280,108
019_top_grass00031.jpg,1280,720,rumex,645,49,705,128
019_top_grass00026.jpg,1280,720,rumex,665,4,726,78
01551.jpg,1280,720,rumex,1,1,1037,663
01776.jpg,1280,720,rumex,9,1,1176,718
00876.jpg,1280,720,rumex,9,60,1122,720
004_00126.jpg,1280,720,rumex,365,475,886,720
017_top_grass00051.jpg,1280,720,rumex,461,272,571,357
018_top_grass00041.jpg,1280,720,rumex,169,98,258,184
022_top_bush00086.jpg,1280,720,rumex,614,1,923,224
017_top_grass00201.jpg,1280,720,rumex,715,542,785,583
008_00041.jpg,1280,720,rumex,518,69,731,226
001_00071.jpg,1280,720,rumexw,659,1,856,117
019_top_grass00036.jpg,1280,720,rumex,627,84,685,158
004_00291.jpg,1280,720,rumex,430,1,989,446
017_top_grass00151.jpg,1280,720,rumex,718,444,782,494
005_00186.jpg,1280,720,rumex,458,568,671,720
021_top_bush00106.jpg,1280,720,rumex,552,325,945,677
002_00011.jpg,1280,720,rumex,181,194,279,289
001_00056.jpg,1280,720,rumex,527,214,924,444
024_hand_bush00151.jpg,1280,720,rumex,497,181,895,515
024_hand_bush00146.jpg,1280,720,rumex,475,175,865,516
024_hand_bush00106.jpg,1280,720,rumex,537,262,937,608
003_00116.jpg,1280,720,rumex,458,238,691,423
00901.jpg,1280,720,rumex,1,33,1141,718
004_00276.jpg,1280,720,rumex,396,1,859,328
024_hand_bush00021.jpg,1280,720,rumex,477,260,810,573
018_top_grass00126.jpg,1280,720,rumex,815,327,866,410
025_hand_grass00101.jpg,1280,720,rumex,432,289,922,411
01441.jpg,1280,720,rumex,1,160,933,717
030_00031.jpg,1280,720,rumex,727,288,950,586
001_00056.jpg,1280,720,rumex,448,1,559,78
024_hand_bush00056.jpg,1280,720,rumex,401,230,752,555
001_00071.jpg,1280,720,rumexw,1,75,115,229
021_top_bush00076.jpg,1280,720,rumex,499,104,892,433
002_00066.jpg,1280,720,rumex,716,134,875,388
018_top_grass00181.jpg,1280,720,rumex,445,298,531,416
001_00136.jpg,1280,720,rumex,853,1,1048,123
004_00261.jpg,1280,720,rumex,182,1,348,214
017_top_grass00176.jpg,1280,720,rumex,593,673,701,720
01326.jpg,1280,720,rumex,1,11,635,610
01566.jpg,1280,720,rumex,1,1,952,670
022_top_bush00136.jpg,1280,720,rumex,452,346,819,720
026_00096.jpg,1280,720,rumex,739,156,877,303
01471.jpg,1280,720,rumex,1,80,940,695
017_top_grass00226.jpg,1280,720,rumex,738,436,813,495
018_top_grass00071.jpg,1280,720,rumex,833,43,871,122
00761.jpg,1280,720,rumex,49,9,1207,691
022_top_bush00191.jpg,1280,720,rumex,367,1,737,518
018_top_grass00086.jpg,1280,720,rumex,810,264,885,363
00016.jpg,1280,720,rumex,60,26,677,646
001_00051.jpg,1280,720,rumex,99,71,248,228
008_00126.jpg,1280,720,rumex,448,626,663,720
00826.jpg,1280,720,rumex,1,31,1190,714
00706.jpg,1280,720,rumex,8,1,1270,700
019_top_grass00021.jpg,1280,720,rumex,708,47,795,109
024_hand_bush00071.jpg,1280,720,rumex,479,210,841,534
01396.jpg,1280,720,rumex,293,219,709,618
024_hand_bush00041.jpg,1280,720,rumex,466,315,799,631
01806.jpg,1280,720,rumex,7,8,1120,713
00241.jpg,1280,720,rumex,403,1,977,483
002_00136.jpg,1280,720,rumex,739,638,1009,720
017_top_grass00076.jpg,1280,720,rumex,471,521,585,615
023_top_bush00126.jpg,1280,720,rumex,551,412,1011,720
021_top_bush00136.jpg,1280,720,rumex,454,486,808,720
018_top_grass00036.jpg,1280,720,rumex,758,1,816,61
018_top_grass00106.jpg,1280,720,rumex,798,386,871,493
018_top_grass00101.jpg,1280,720,rumex,860,202,895,283
001_00236.jpg,1280,720,rumex,727,17,1193,348
026_00076.jpg,1280,720,rumex,712,30,837,180
026_00106.jpg,1280,720,rumex,878,467,1000,657
022_top_bush00156.jpg,1280,720,rumex,515,662,659,720
002_00096.jpg,1280,720,rumex,556,140,964,544
008_00021.jpg,1280,720,rumex,530,1,614,69
00711.jpg,1280,720,rumex,13,9,1259,703
001_00066.jpg,1280,720,rumex,1,94,133,268
01456.jpg,1280,720,rumex,1,106,828,719
017_top_grass00091.jpg,1280,720,rumex,524,25,629,105
019_top_grass00061.jpg,1280,720,rumex,652,286,731,341
019_top_grass00116.jpg,1280,720,rumex,677,599,758,661
00696.jpg,1280,720,rumex,36,8,1180,690
00411.jpg,1280,720,rumex,150,1,1051,714
017_top_grass00071.jpg,1280,720,rumex,648,565,721,619
01791.jpg,1280,720,rumex,3,7,1068,720
023_top_bush00116.jpg,1280,720,rumex,548,371,1051,720
00931.jpg,1280,720,rumex,1,4,996,717
018_top_grass00056.jpg,1280,720,rumex,669,235,701,269
021_top_bush00126.jpg,1280,720,rumex,498,410,903,719
01731.jpg,1280,720,rumex,37,17,1123,720
030_00081.jpg,1280,720,rumex,593,161,801,454
018_top_grass00021.jpg,1280,720,rumex,180,1,266,74
026_00086.jpg,1280,720,rumex,863,324,985,489
017_top_grass00121.jpg,1280,720,rumex,532,253,634,328
024_hand_bush00081.jpg,1280,720,rumex,472,218,833,547
003_00001.jpg,1280,720,rumex,551,1,640,81
00596.jpg,1280,720,rumex,27,23,1280,706
027_00041.jpg,1280,720,rumex,342,174,445,332
00136.jpg,1280,720,rumex,704,1,1104,304
005_00166.jpg,1280,720,rumex,427,292,621,463
021_top_bush00051.jpg,1280,720,rumex,507,1,889,286
017_top_grass00296.jpg,1280,720,rumex,417,321,608,442
001_00191.jpg,1280,720,rumex,342,240,521,441
021_top_bush00111.jpg,1280,720,rumex,546,310,960,680
002_00616.jpg,1280,720,rumex,971,484,1140,720
022_top_bush00101.jpg,1280,720,rumex,591,128,914,391
00481.jpg,1280,720,rumex,13,19,1195,720
01501.jpg,1280,720,rumex,1,54,1047,697
01701.jpg,1280,720,rumex,22,6,1011,704
01656.jpg,1280,720,rumex,1,12,1056,706
021_top_bush00061.jpg,1280,720,rumex,507,37,899,344
002_00361.jpg,1280,720,rumex,584,398,708,497
002_00136.jpg,1280,720,rumex,1,606,159,720
01676.jpg,1280,720,rumex,9,1,993,715
019_top_grass00061.jpg,1280,720,rumex,629,179,691,257
005_00156.jpg,1280,720,rumex,399,177,593,335
030_00021.jpg,1280,720,rumex,722,326,945,629
002_00096.jpg,1280,720,rumex,1,57,225,346
021_top_bush00056.jpg,1280,720,rumex,512,22,901,313
017_top_grass00261.jpg,1280,720,rumex,459,88,644,196
001_00066.jpg,1280,720,rumexw,653,1,830,121
005_00136.jpg,1280,720,rumex,468,24,661,180
004_00346.jpg,1280,720,rumex,565,575,899,720
002_00281.jpg,1280,720,rumex,457,1,1082,312
00736.jpg,1280,720,rumex,39,12,1268,688
00336.jpg,1280,720,rumex,366,1,1068,622
004_00286.jpg,1280,720,rumex,418,1,950,408
00341.jpg,1280,720,rumex,315,1,1088,630
017_top_grass00191.jpg,1280,720,rumex,715,585,780,628
019_top_grass00106.jpg,1280,720,rumex,737,516,821,579
022_top_bush00226.jpg,1280,720,rumex,446,223,839,720
024_hand_bush00051.jpg,1280,720,rumex,397,254,742,564
002_00486.jpg,1280,720,rumex,690,395,921,608
01371.jpg,1280,720,rumex,10,1,665,422
027_00086.jpg,1280,720,rumex,462,457,570,608
00201.jpg,1280,720,rumex,502,1,1012,444
00971.jpg,1280,720,rumex,2,1,796,710
022_top_bush00021.jpg,1280,720,rumex,312,1,508,120
018_top_grass00061.jpg,1280,720,rumex,64,116,142,170
017_top_grass00136.jpg,1280,720,rumex,656,311,739,370
01491.jpg,1280,720,rumex,1,30,1062,719
017_top_grass00086.jpg,1280,720,rumex,505,1,631,63
001_00141.jpg,1280,720,rumex,956,218,1011,278
002_00071.jpg,1280,720,rumex,848,12,1255,426
021_top_bush00081.jpg,1280,720,rumex,507,118,893,458
01321.jpg,1280,720,rumex,1,13,694,608
002_00071.jpg,1280,720,rumex,725,201,881,451
018_top_grass00166.jpg,1280,720,rumex,469,362,559,499
002_00096.jpg,1280,720,rumex,407,21,742,328
023_top_bush00071.jpg,1280,720,rumex,591,45,1130,645
019_top_grass00056.jpg,1280,720,rumex,644,259,718,319
00396.jpg,1280,720,rumex,140,1,1078,699
024_hand_bush00031.jpg,1280,720,rumex,467,282,777,594
008_00066.jpg,1280,720,rumex,511,249,744,409
002_00281.jpg,1280,720,rumex,248,558,509,720
00671.jpg,1280,720,rumex,46,37,1144,676
002_00491.jpg,1280,720,rumex,651,346,856,475
026_00016.jpg,1280,720,rumex,857,1,951,51
00376.jpg,1280,720,rumex,215,1,1031,615
00516.jpg,1280,720,rumex,4,12,1158,720
017_top_grass00106.jpg,1280,720,rumex,519,175,640,252
01021.jpg,1280,720,rumex,1,3,481,711
024_hand_bush00121.jpg,1280,720,rumex,513,283,911,621
01476.jpg,1280,720,rumex,1,89,892,698
018_top_grass00081.jpg,1280,720,rumex,795,238,869,331
027_00036.jpg,1280,720,rumex,553,400,628,546
00146.jpg,1280,720,rumex,680,1,1061,326
008_00076.jpg,1280,720,rumex,496,295,739,455
002_00116.jpg,1280,720,rumex,901,78,1190,551
001_00176.jpg,1280,720,rumex,708,308,913,549
01466.jpg,1280,720,rumex,1,101,961,709
028_00076.jpg,1280,720,rumex,483,1,831,240
018_top_grass00041.jpg,1280,720,rumex,669,117,711,154
023_top_bush00076.jpg,1280,720,rumex,592,80,1133,682
017_top_grass00246.jpg,1280,720,rumex,495,221,637,305
001_00306.jpg,1280,720,rumex,398,95,553,304
001_00181.jpg,1280,720,rumex,1061,1,1278,235
001_00271.jpg,1280,720,rumex,335,304,878,624
002_00091.jpg,1280,720,rumex,422,1,744,288
017_top_grass00081.jpg,1280,720,rumex,458,568,569,668
00451.jpg,1280,720,rumex,68,1,1131,718
01426.jpg,1280,720,rumex,1,119,671,690
023_top_bush00111.jpg,1280,720,rumex,540,334,1074,720
01011.jpg,1280,720,rumex,4,1,506,700
002_00076.jpg,1280,720,rumex,728,252,882,504
00381.jpg,1280,720,rumex,215,1,1005,667
027_00031.jpg,1280,720,rumex,275,95,384,252
01816.jpg,1280,720,rumex,3,1,1048,720
025_hand_grass00051.jpg,1280,720,rumex,627,351,885,413
00251.jpg,1280,720,rumex,416,1,1009,484
017_top_grass00066.jpg,1280,720,rumex,505,420,613,502
017_top_grass00126.jpg,1280,720,rumex,684,235,752,294
00206.jpg,1280,720,rumex,511,1,1016,436
026_00116.jpg,1280,720,rumex,877,524,1014,720
004_00101.jpg,1280,720,rumex,342,146,861,504
003_00006.jpg,1280,720,rumex,536,1,722,111
019_top_grass00126.jpg,1280,720,rumex,660,675,736,720
01511.jpg,1280,720,rumex,1,73,1077,704
008_00106.jpg,1280,720,rumex,447,491,699,655
01746.jpg,1280,720,rumex,15,17,1150,720
001_00041.jpg,1280,720,rumex,598,1,641,40
002_00491.jpg,1280,720,rumex,701,426,928,666
028_00096.jpg,1280,720,rumex,498,60,859,348
00831.jpg,1280,720,rumex,1,47,1164,698
01376.jpg,1280,720,rumex,5,1,707,381
022_top_bush00236.jpg,1280,720,rumex,429,357,840,720
027_00021.jpg,1280,720,rumex,255,40,353,186
004_00316.jpg,1280,720,rumex,499,129,1073,671
018_top_grass00091.jpg,1280,720,rumex,192,405,282,486
022_top_bush00116.jpg,1280,720,rumex,562,26,928,540
00521.jpg,1280,720,rumex,6,23,1222,720
004_00306.jpg,1280,720,rumex,487,34,1064,566
017_top_grass00141.jpg,1280,720,rumex,523,399,627,470
023_top_bush00086.jpg,1280,720,rumex,586,148,1120,720
01616.jpg,1280,720,rumex,1,2,973,689
017_top_grass00186.jpg,1280,720,rumex,722,611,797,658
002_00461.jpg,1280,720,rumex,761,271,935,529
002_00541.jpg,1280,720,rumex,1044,11,1128,112
001_00071.jpg,1280,720,rumexw,490,172,667,263
002_00071.jpg,1280,720,rumex,1,1,128,66
023_top_bush00036.jpg,1280,720,rumex,627,1,1128,250
027_00031.jpg,1280,720,rumex,530,363,593,501
024_hand_bush00186.jpg,1280,720,rumex,544,210,806,433
024_hand_bush00076.jpg,1280,720,rumex,472,204,836,529
01381.jpg,1280,720,rumex,1,1,666,326
00296.jpg,1280,720,rumex,402,1,1059,549
017_top_grass00166.jpg,1280,720,rumex,586,623,702,694
00316.jpg,1280,720,rumex,374,1,1077,601
025_hand_grass00126.jpg,1280,720,rumex,566,288,1042,418
00226.jpg,1280,720,rumex,456,1,1001,466
026_00036.jpg,1280,720,rumex,837,49,955,190
017_top_grass00241.jpg,1280,720,rumex,480,295,639,377
019_top_grass00046.jpg,1280,720,rumex,605,117,663,196
026_00101.jpg,1280,720,rumex,741,200,877,350
004_00086.jpg,1280,720,rumex,413,1,915,286
01386.jpg,1280,720,rumex,378,170,666,607
01671.jpg,1280,720,rumex,19,1,979,716
004_00331.jpg,1280,720,rumex,528,331,1127,720
005_00171.jpg,1280,720,rumex,441,363,650,532
003_00141.jpg,1280,720,rumex,593,88,781,266
019_top_grass00116.jpg,1280,720,rumex,647,485,706,569
00141.jpg,1280,720,rumex,694,1,1117,319
001_00206.jpg,1280,720,rumex,599,294,910,615
018_top_grass00116.jpg,1280,720,rumex,1,444,77,493
018_top_grass00131.jpg,1280,720,rumex,795,315,844,406
01646.jpg,1280,720,rumex,4,1,1132,705
022_top_bush00201.jpg,1280,720,rumex,352,1,715,609
002_00081.jpg,1280,720,rumex,836,138,1255,523
00216.jpg,1280,720,rumex,476,1,1023,465
019_top_grass00111.jpg,1280,720,rumex,677,449,731,527
024_hand_bush00131.jpg,1280,720,rumex,451,229,839,559
018_top_grass00066.jpg,1280,720,rumex,819,22,859,105
00166.jpg,1280,720,rumex,599,1,1053,363
008_00046.jpg,1280,720,rumex,511,115,731,275
018_top_grass00081.jpg,1280,720,rumex,85,242,165,294
019_top_grass00101.jpg,1280,720,rumex,765,490,844,547
017_top_grass00066.jpg,1280,720,rumex,661,511,734,562
001_00306.jpg,1280,720,rumex,482,314,865,518
003_00041.jpg,1280,720,rumex,475,201,881,360
003_00121.jpg,1280,720,rumex,482,200,698,375
018_top_grass00116.jpg,1280,720,rumex,785,458,871,568
018_top_grass00111.jpg,1280,720,rumex,789,433,868,540
017_top_grass00036.jpg,1280,720,rumex,621,196,696,235
005_00146.jpg,1280,720,rumex,424,98,615,255
002_00116.jpg,1280,720,rumex,382,228,718,557
001_00046.jpg,1280,720,rumex,722,1,778,69
028_00066.jpg,1280,720,rumex,658,28,844,168
00471.jpg,1280,720,rumex,21,13,1144,720
021_top_bush00011.jpg,1280,720,rumex,619,1,869,17
00346.jpg,1280,720,rumex,348,1,1056,626
030_00036.jpg,1280,720,rumex,744,271,953,555
002_00581.jpg,1280,720,rumex,1051,521,1145,663
001_00191.jpg,1280,720,rumex,682,326,918,571
017_top_grass00231.jpg,1280,720,rumex,503,374,645,458
00496.jpg,1280,720,rumex,4,42,1193,716
01686.jpg,1280,720,rumex,7,12,1008,715
004_00266.jpg,1280,720,rumex,271,1,433,254
002_00481.jpg,1280,720,rumex,702,228,890,386
027_00076.jpg,1280,720,rumex,718,634,781,720
018_top_grass00076.jpg,1280,720,rumex,79,199,155,251
026_00071.jpg,1280,720,rumex,834,231,954,384
00131.jpg,1280,720,rumex,726,1,1134,295
001_00206.jpg,1280,720,rumex,938,508,1002,606
00866.jpg,1280,720,rumex,1,85,1160,695
023_top_bush00046.jpg,1280,720,rumex,565,1,1085,436
00326.jpg,1280,720,rumex,401,1,1094,617
022_top_bush00091.jpg,1280,720,rumex,613,51,921,286
018_top_grass00066.jpg,1280,720,rumex,756,161,829,267
01026.jpg,1280,720,rumex,1,13,394,704
00546.jpg,1280,720,rumex,1,10,1210,719
023_top_bush00021.jpg,1280,720,rumex,631,1,817,92
024_hand_bush00086.jpg,1280,720,rumex,501,228,858,553
00606.jpg,1280,720,rumex,1,8,1269,708
019_top_grass00051.jpg,1280,720,rumex,606,133,666,204
004_00256.jpg,1280,720,rumex,114,1,267,168
026_00056.jpg,1280,720,rumex,833,144,953,292
018_top_grass00031.jpg,1280,720,rumex,180,31,274,115
005_00191.jpg,1280,720,rumex,448,631,595,720
002_00361.jpg,1280,720,rumex,725,177,1224,581
002_00136.jpg,1280,720,rumex,215,1,476,411
019_top_grass00066.jpg,1280,720,rumex,665,322,739,380
002_00011.jpg,1280,720,rumex,1,178,147,456
00616.jpg,1280,720,rumex,23,10,1237,692
022_top_bush00071.jpg,1280,720,rumex,136,312,714,720
003_00096.jpg,1280,720,rumex,384,283,744,489
017_top_grass00121.jpg,1280,720,rumex,692,205,761,263
00601.jpg,1280,720,rumex,3,10,1280,719
023_top_bush00026.jpg,1280,720,rumex,624,1,827,135
021_top_bush00146.jpg,1280,720,rumex,410,571,637,720
01536.jpg,1280,720,rumex,1,7,928,683
023_top_bush00131.jpg,1280,720,rumex,543,427,970,720
025_hand_grass00071.jpg,1280,720,rumex,462,348,861,447
002_00066.jpg,1280,720,rumex,561,4,930,148
022_top_bush00096.jpg,1280,720,rumex,603,117,923,340
00631.jpg,1280,720,rumex,40,1,1193,688
019_top_grass00056.jpg,1280,720,rumex,627,154,679,227
001_00066.jpg,1280,720,rumexw,436,266,871,511
022_top_bush00131.jpg,1280,720,rumex,469,276,836,720
022_top_bush00251.jpg,1280,720,rumex,707,629,826,720
017_top_grass00051.jpg,1280,720,rumex,621,357,696,405
017_top_grass00226.jpg,1280,720,rumex,485,414,640,495
018_top_grass00081.jpg,1280,720,rumex,859,99,894,178
00386.jpg,1280,720,rumex,188,1,1024,692
018_top_grass00061.jpg,1280,720,rumex,756,147,827,253
001_00086.jpg,1280,720,rumexw,1,259,56,391
001_00196.jpg,1280,720,rumex,941,494,988,566
018_top_grass00051.jpg,1280,720,rumex,760,96,831,209
01346.jpg,1280,720,rumex,1,13,609,616
025_hand_grass00121.jpg,1280,720,rumex,577,296,1043,418
022_top_bush00016.jpg,1280,720,rumex,310,1,498,59
003_00056.jpg,1280,720,rumex,479,172,990,314
019_top_grass00076.jpg,1280,720,rumex,692,267,752,338
004_00301.jpg,1280,720,rumex,470,1,1045,540
017_top_grass00046.jpg,1280,720,rumex,615,316,692,361
026_00066.jpg,1280,720,rumex,713,1,842,120
022_top_bush00181.jpg,1280,720,rumex,396,62,763,409
01626.jpg,1280,720,rumex,1,17,1011,700
008_00026.jpg,1280,720,rumex,536,1,757,97
025_hand_grass00081.jpg,1280,720,rumex,366,328,824,439
001_00066.jpg,1280,720,rumexw,399,1,533,100
00441.jpg,1280,720,rumex,50,1,1152,718
017_top_grass00106.jpg,1280,720,rumex,697,123,766,185
027_00046.jpg,1280,720,rumex,376,200,470,343
021_top_bush00096.jpg,1280,720,rumex,529,260,910,601
00851.jpg,1280,720,rumex,1,88,1019,714
00511.jpg,1280,720,rumex,2,1,1164,720
030_00011.jpg,1280,720,rumex,675,283,895,551
026_00076.jpg,1280,720,rumex,833,266,956,416
008_00071.jpg,1280,720,rumex,515,269,735,440
002_00086.jpg,1280,720,rumex,567,112,991,426
00446.jpg,1280,720,rumex,50,1,1153,719
026_00096.jpg,1280,720,rumex,872,381,995,557
00041.jpg,1280,720,rumex,1,21,490,634
004_00081.jpg,1280,720,rumex,525,24,698,197
002_00046.jpg,1280,720,rumex,925,1,1070,121
021_top_bush00086.jpg,1280,720,rumex,515,149,898,496
018_top_grass00096.jpg,1280,720,rumex,76,341,158,386
030_00001.jpg,1280,720,rumex,653,204,881,495
01391.jpg,1280,720,rumex,309,151,714,629
024_hand_bush00096.jpg,1280,720,rumex,530,240,915,577
024_hand_bush00001.jpg,1280,720,rumex,460,255,807,573
017_top_grass00256.jpg,1280,720,rumex,760,125,875,216
00801.jpg,1280,720,rumex,1,1,1258,712
023_top_bush00041.jpg,1280,720,rumex,588,1,1108,354
027_00056.jpg,1280,720,rumex,690,491,747,644
026_00041.jpg,1280,720,rumex,835,76,951,217
00716.jpg,1280,720,rumex,39,15,1248,692
003_00091.jpg,1280,720,rumex,387,280,778,475
001_00186.jpg,1280,720,rumex,1044,1,1280,224
017_top_grass00201.jpg,1280,720,rumex,513,535,643,601
002_00551.jpg,1280,720,rumex,1078,112,1155,251
018_top_grass00091.jpg,1280,720,rumex,95,311,173,356
017_top_grass00131.jpg,1280,720,rumex,669,268,742,331
01461.jpg,1280,720,rumex,1,100,1006,699
023_top_bush00031.jpg,1280,720,rumex,629,1,1066,180
002_00141.jpg,1280,720,rumex,885,397,1067,701
028_00091.jpg,1280,720,rumex,498,38,859,321
00781.jpg,1280,720,rumex,1,1,1280,720
005_00126.jpg,1280,720,rumex,559,1,655,91
001_00046.jpg,1280,720,rumex,591,112,938,375
002_00116.jpg,1280,720,rumex,862,492,1225,720
00256.jpg,1280,720,rumex,416,1,994,489
002_00136.jpg,1280,720,rumex,367,475,697,720
005_00161.jpg,1280,720,rumex,399,223,608,392
026_00046.jpg,1280,720,rumex,831,110,948,244
018_top_grass00141.jpg,1280,720,rumex,650,457,739,604
017_top_grass00246.jpg,1280,720,rumex,716,235,826,312
002_00046.jpg,1280,720,rumex,187,583,270,661
00461.jpg,1280,720,rumex,45,12,1168,720
027_00061.jpg,1280,720,rumex,467,244,570,384
00001.jpg,1280,720,rumex,136,14,740,647
018_top_grass00081.jpg,1280,720,rumex,186,344,281,423
01641.jpg,1280,720,rumex,1,1,974,682
018_top_grass00056.jpg,1280,720,rumex,758,125,826,242
00321.jpg,1280,720,rumex,392,1,1089,607
022_top_bush00146.jpg,1280,720,rumex,595,495,734,649
00776.jpg,1280,720,rumex,3,10,1157,720
018_top_grass00156.jpg,1280,720,rumex,622,242,661,337
00581.jpg,1280,720,rumex,10,34,1280,711
018_top_grass00161.jpg,1280,720,rumex,571,220,615,326
002_00081.jpg,1280,720,rumex,516,1,732,180
00491.jpg,1280,720,rumex,6,66,1180,720
002_00616.jpg,1280,720,rumex,1068,563,1217,720
002_00491.jpg,1280,720,rumex,747,551,972,720
017_top_grass00181.jpg,1280,720,rumex,555,648,686,720
025_hand_grass00096.jpg,1280,720,rumex,393,299,876,423
01421.jpg,1280,720,rumex,1,115,648,654
002_00091.jpg,1280,720,rumex,939,1,1210,263
026_00091.jpg,1280,720,rumex,872,347,995,524
019_top_grass00091.jpg,1280,720,rumex,738,358,791,426
00856.jpg,1280,720,rumex,1,86,1028,684
00416.jpg,1280,720,rumex,134,1,1075,705
022_top_bush00176.jpg,1280,720,rumex,395,7,765,345
026_00056.jpg,1280,720,rumex,728,1,841,64
024_hand_bush00016.jpg,1280,720,rumex,513,268,841,581
004_00121.jpg,1280,720,rumex,370,378,876,720
003_00051.jpg,1280,720,rumex,478,174,964,328
00566.jpg,1280,720,rumex,1,40,1247,720
017_top_grass00281.jpg,1280,720,rumex,423,243,628,362
026_00121.jpg,1280,720,rumex,770,348,916,496
001_00041.jpg,1280,720,rumex,34,1,128,66
002_00076.jpg,1280,720,rumex,1,2,253,140
001_00041.jpg,1280,720,rumex,755,1,806,55
00951.jpg,1280,720,rumex,10,1,911,708
021_top_bush00121.jpg,1280,720,rumex,521,365,930,718
001_00191.jpg,1280,720,rumex,1025,1,1280,144
002_00196.jpg,1280,720,rumex,179,131,618,475
023_top_bush00146.jpg,1280,720,rumex,526,480,743,720
01541.jpg,1280,720,rumex,19,1,902,680
018_top_grass00101.jpg,1280,720,rumex,805,347,873,453
00186.jpg,1280,720,rumex,570,1,1023,419
00246.jpg,1280,720,rumex,414,1,980,482
001_00181.jpg,1280,720,rumex,927,563,965,634
030_00071.jpg,1280,720,rumex,619,152,816,455
022_top_bush00056.jpg,1280,720,rumex,226,151,880,482
00841.jpg,1280,720,rumex,1,117,1012,708
01741.jpg,1280,720,rumex,18,22,1094,720
01611.jpg,1280,720,rumex,1,14,1034,689
018_top_grass00146.jpg,1280,720,rumex,610,448,701,593
019_top_grass00136.jpg,1280,720,rumex,617,654,679,714
018_top_grass00076.jpg,1280,720,rumex,177,305,260,383
026_00161.jpg,1280,720,rumex,860,633,975,720
001_00176.jpg,1280,720,rumex,399,201,559,380
00656.jpg,1280,720,rumex,30,21,1109,685
024_hand_bush00036.jpg,1280,720,rumex,463,312,786,622
00501.jpg,1280,720,rumex,2,27,1209,720
01621.jpg,1280,720,rumex,2,1,956,692
025_hand_grass00036.jpg,1280,720,rumex,607,242,838,303
018_top_grass00146.jpg,1280,720,rumex,695,286,737,375
024_hand_bush00196.jpg,1280,720,rumex,514,225,764,428
00821.jpg,1280,720,rumex,1,36,1207,688
00946.jpg,1280,720,rumex,4,1,980,720
002_00086.jpg,1280,720,rumex,830,154,1242,577
01721.jpg,1280,720,rumex,12,11,1116,720
026_00021.jpg,1280,720,rumex,848,1,959,110
005_00181.jpg,1280,720,rumex,459,489,675,677
008_00031.jpg,1280,720,rumex,547,1,766,140
00541.jpg,1280,720,rumex,1,8,1222,720
01486.jpg,1280,720,rumex,1,43,1041,701
021_top_bush00131.jpg,1280,720,rumex,479,450,847,720
01356.jpg,1280,720,rumex,1,4,648,536
021_top_bush00141.jpg,1280,720,rumex,431,560,760,720
01716.jpg,1280,720,rumex,12,8,1136,709
017_top_grass00251.jpg,1280,720,rumex,750,173,861,256
017_top_grass00146.jpg,1280,720,rumex,524,446,637,506
022_top_bush00246.jpg,1280,720,rumex,684,522,823,720
00506.jpg,1280,720,rumex,4,25,1208,714
018_top_grass00111.jpg,1280,720,rumex,32,435,115,481
01336.jpg,1280,720,rumex,1,1,607,648
00571.jpg,1280,720,rumex,1,16,1213,720
026_00111.jpg,1280,720,rumex,877,489,1007,696
017_top_grass00096.jpg,1280,720,rumex,663,27,739,106
025_hand_grass00156.jpg,1280,720,rumex,564,293,904,370
027_00056.jpg,1280,720,rumex,439,229,548,388
017_top_grass00271.jpg,1280,720,rumex,444,161,624,277
017_top_grass00261.jpg,1280,720,rumex,743,95,876,195
026_00116.jpg,1280,720,rumex,739,317,891,466
024_hand_bush00171.jpg,1280,720,rumex,487,184,791,439
021_top_bush00031.jpg,1280,720,rumex,534,1,907,204
002_00486.jpg,1280,720,rumex,665,281,881,435
002_00051.jpg,1280,720,rumex,3,620,133,720
024_hand_bush00066.jpg,1280,720,rumex,457,214,816,528
023_top_bush00151.jpg,1280,720,rumex,524,480,742,720
025_hand_grass00011.jpg,1280,720,rumex,795,1,983,51
019_top_grass00121.jpg,1280,720,rumex,634,535,691,611
025_hand_grass00021.jpg,1280,720,rumex,656,107,890,180
017_top_grass00186.jpg,1280,720,rumex,542,626,666,696
017_top_grass00056.jpg,1280,720,rumex,633,399,710,448
002_00116.jpg,1280,720,rumex,258,1,487,166
017_top_grass00141.jpg,1280,720,rumex,686,356,752,409
025_hand_grass00141.jpg,1280,720,rumex,625,228,1017,324
002_00141.jpg,1280,720,rumex,4,634,135,720
021_top_bush00066.jpg,1280,720,rumex,499,80,891,375
026_00081.jpg,1280,720,rumex,848,293,969,455
00646.jpg,1280,720,rumex,39,37,1132,706
00871.jpg,1280,720,rumex,1,87,1153,706
00021.jpg,1280,720,rumex,36,34,657,649
028_00061.jpg,1280,720,rumex,697,1,850,109
018_top_grass00061.jpg,1280,720,rumex,817,10,860,94
003_00146.jpg,1280,720,rumex,587,74,781,248
01591.jpg,1280,720,rumex,1,1,937,675
01001.jpg,1280,720,rumex,4,2,645,720
002_00161.jpg,1280,720,rumex,181,28,473,504
00061.jpg,1280,720,rumex,1,181,302,670
018_top_grass00111.jpg,1280,720,rumex,855,294,897,372
00611.jpg,1280,720,rumex,3,8,1257,720
026_00151.jpg,1280,720,rumex,830,577,985,717
018_top_grass00056.jpg,1280,720,rumex,69,95,144,148
022_top_bush00036.jpg,1280,720,rumex,311,1,954,298
00591.jpg,1280,720,rumex,13,27,1280,717
003_00031.jpg,1280,720,rumex,476,212,830,364
027_00026.jpg,1280,720,rumex,256,66,384,231
01606.jpg,1280,720,rumex,2,1,975,690
022_top_bush00206.jpg,1280,720,rumex,375,1,729,652
002_00086.jpg,1280,720,rumex,818,37,1113,177
018_top_grass00086.jpg,1280,720,rumex,201,375,286,464
002_00136.jpg,1280,720,rumex,901,335,1154,720
027_00096.jpg,1280,720,rumex,430,532,528,674
030_00006.jpg,1280,720,rumex,656,243,878,520
022_top_bush00121.jpg,1280,720,rumex,534,114,897,601
01636.jpg,1280,720,rumex,1,7,1050,705
017_top_grass00061.jpg,1280,720,rumex,656,449,729,500
00721.jpg,1280,720,rumex,21,26,1224,649
017_top_grass00156.jpg,1280,720,rumex,738,494,806,543
027_00076.jpg,1280,720,rumex,478,364,567,506
018_top_grass00051.jpg,1280,720,rumex,74,68,160,125
024_hand_bush00206.jpg,1280,720,rumex,501,261,694,444
018_top_grass00051.jpg,1280,720,rumex,169,172,255,258
022_top_bush00161.jpg,1280,720,rumex,468,1,679,120
019_top_grass00046.jpg,1280,720,rumex,627,233,702,286
026_00131.jpg,1280,720,rumex,797,433,945,573
001_00051.jpg,1280,720,rumex,702,1,761,68
022_top_bush00221.jpg,1280,720,rumex,434,135,817,720
004_00271.jpg,1280,720,rumex,330,35,507,284
018_top_grass00071.jpg,1280,720,rumex,770,179,842,279
00036.jpg,1280,720,rumex,1,1,537,622
026_00126.jpg,1280,720,rumex,909,577,1046,720
01406.jpg,1280,720,rumex,146,245,671,680
019_top_grass00071.jpg,1280,720,rumex,669,241,728,306
01031.jpg,1280,720,rumex,1,33,329,683
018_top_grass00096.jpg,1280,720,rumex,180,436,266,514
002_00096.jpg,1280,720,rumex,841,251,1258,678
001_00041.jpg,1280,720,rumex,195,43,304,157
01506.jpg,1280,720,rumex,1,59,971,696
00026.jpg,1280,720,rumex,2,18,616,648
00701.jpg,1280,720,rumex,21,53,1093,701
017_top_grass00111.jpg,1280,720,rumex,536,200,642,270
023_top_bush00101.jpg,1280,720,rumex,560,269,1091,720
01301.jpg,1280,720,rumex,4,12,666,562
017_top_grass00211.jpg,1280,720,rumex,712,515,791,565
017_top_grass00061.jpg,1280,720,rumex,492,352,606,442
002_00091.jpg,1280,720,rumex,1,22,230,294
00046.jpg,1280,720,rumex,1,143,435,631
023_top_bush00121.jpg,1280,720,rumex,554,389,1038,720
00756.jpg,1280,720,rumex,39,12,1242,680
01661.jpg,1280,720,rumex,1,3,1052,711
00746.jpg,1280,720,rumex,26,20,1235,698
01561.jpg,1280,720,rumex,1,13,926,678
018_top_grass00106.jpg,1280,720,rumex,858,249,900,323
001_00086.jpg,1280,720,rumexw,325,40,530,278
004_00076.jpg,1280,720,rumex,522,1,674,112
025_hand_grass00076.jpg,1280,720,rumex,408,332,838,433
023_top_bush00141.jpg,1280,720,rumex,521,463,770,720
027_00101.jpg,1280,720,rumex,408,581,499,712
00651.jpg,1280,720,rumex,19,59,1146,695
00291.jpg,1280,720,rumex,409,1,1039,547
018_top_grass00016.jpg,1280,720,rumex,173,1,261,57
022_top_bush00106.jpg,1280,720,rumex,582,1,945,439
017_top_grass00236.jpg,1280,720,rumex,727,363,824,425
017_top_grass00031.jpg,1280,720,rumex,622,132,694,170
021_top_bush00016.jpg,1280,720,rumex,599,1,882,86
002_00076.jpg,1280,720,rumex,838,60,1255,461
026_00146.jpg,1280,720,rumex,819,545,966,685
026_00031.jpg,1280,720,rumex,842,26,958,165
024_hand_bush00156.jpg,1280,720,rumex,489,171,866,486
001_00041.jpg,1280,720,rumex,604,97,947,344
00636.jpg,1280,720,rumex,49,10,1177,688
023_top_bush00066.jpg,1280,720,rumex,587,9,1130,600
024_hand_bush00191.jpg,1280,720,rumex,542,213,804,428
002_00016.jpg,1280,720,rumex,1,228,145,498
00806.jpg,1280,720,rumex,13,12,1238,706
002_00141.jpg,1280,720,rumex,187,1,456,454
022_top_bush00026.jpg,1280,720,rumex,319,1,917,203
018_top_grass00166.jpg,1280,720,rumex,558,199,602,298
018_top_grass00106.jpg,1280,720,rumex,163,495,255,580
00466.jpg,1280,720,rumex,18,10,1149,720
017_top_grass00041.jpg,1280,720,rumex,450,177,566,254
027_00036.jpg,1280,720,rumex,305,137,411,292
00031.jpg,1280,720,rumex,1,19,574,633
001_00186.jpg,1280,720,rumex,375,274,547,454
022_top_bush00151.jpg,1280,720,rumex,550,569,711,684
019_top_grass00086.jpg,1280,720,rumex,723,326,779,400
018_top_grass00031.jpg,1280,720,rumex,674,28,713,57
027_00021.jpg,1280,720,rumex,504,301,575,461
002_00091.jpg,1280,720,rumex,776,392,875,640
001_00071.jpg,1280,720,rumexw,402,1,551,80
01006.jpg,1280,720,rumex,1,1,557,710
00916.jpg,1280,720,rumex,1,17,1023,702
001_00026.jpg,1280,720,rumex,665,1,862,95
003_00136.jpg,1280,720,rumex,588,117,771,291
001_00031.jpg,1280,720,rumex,275,1,330,34
018_top_grass00076.jpg,1280,720,rumex,840,69,885,148
023_top_bush00091.jpg,1280,720,rumex,576,194,1118,720
017_top_grass00096.jpg,1280,720,rumex,506,91,616,179
01521.jpg,1280,720,rumex,7,1,998,697
017_top_grass00101.jpg,1280,720,rumex,516,142,631,226
004_00326.jpg,1280,720,rumex,508,257,1099,720
01711.jpg,1280,720,rumex,8,13,1113,709
01361.jpg,1280,720,rumex,8,1,622,432
018_top_grass00036.jpg,1280,720,rumex,674,70,713,102
002_00006.jpg,1280,720,rumex,181,155,275,249
025_hand_grass00136.jpg,1280,720,rumex,613,208,1048,322
017_top_grass00111.jpg,1280,720,rumex,695,148,769,212
00171.jpg,1280,720,rumex,604,1,1072,386
025_hand_grass00106.jpg,1280,720,rumex,480,272,970,394
028_00141.jpg,1280,720,rumex,599,531,739,720
00816.jpg,1280,720,rumex,1,36,1205,708
025_hand_grass00146.jpg,1280,720,rumex,601,229,976,327
002_00451.jpg,1280,720,rumex,821,1,1131,269
019_top_grass00096.jpg,1280,720,rumex,776,474,858,532
004_00311.jpg,1280,720,rumex,491,84,1075,623
01286.jpg,1280,720,rumex,1,4,602,561
018_top_grass00126.jpg,1280,720,rumex,739,480,831,611
001_00131.jpg,1280,720,rumex,835,1,1035,81
001_00191.jpg,1280,720,rumex,930,518,978,606
00966.jpg,1280,720,rumex,1,3,827,717
01436.jpg,1280,720,rumex,1,70,705,695
00941.jpg,1280,720,rumex,1,9,1118,693
002_00081.jpg,1280,720,rumex,762,308,888,548
019_top_grass00051.jpg,1280,720,rumex,631,248,707,300
018_top_grass00056.jpg,1280,720,rumex,163,196,244,285
00666.jpg,1280,720,rumex,44,24,1153,678
018_top_grass00176.jpg,1280,720,rumex,436,319,518,437
018_top_grass00101.jpg,1280,720,rumex,173,458,266,543
021_top_bush00046.jpg,1280,720,rumex,511,1,889,265
008_00096.jpg,1280,720,rumex,487,404,728,571
030_00016.jpg,1280,720,rumex,710,306,925,611
018_top_grass00066.jpg,1280,720,rumex,155,242,240,327
017_top_grass00086.jpg,1280,720,rumex,449,611,563,715
018_top_grass00036.jpg,1280,720,rumex,168,53,256,147
002_00281.jpg,1280,720,rumex,1,203,275,504
00726.jpg,1280,720,rumex,66,17,1245,653
001_00196.jpg,1280,720,rumex,659,295,919,564
01761.jpg,1280,720,rumex,6,14,1221,720
021_top_bush00036.jpg,1280,720,rumex,529,1,905,227
018_top_grass00071.jpg,1280,720,rumex,68,161,145,212
00926.jpg,1280,720,rumex,21,1,994,720
024_hand_bush00111.jpg,1280,720,rumex,550,276,948,622
026_00106.jpg,1280,720,rumex,747,248,885,392
001_00056.jpg,1280,720,rumex,690,1,752,81
00176.jpg,1280,720,rumex,600,1,1054,407
019_top_grass00071.jpg,1280,720,rumex,705,347,773,404
024_hand_bush00091.jpg,1280,720,rumex,495,231,893,564
002_00001.jpg,1280,720,rumex,1,100,145,390
024_hand_bush00101.jpg,1280,720,rumex,520,259,924,599
017_top_grass00251.jpg,1280,720,rumex,502,163,659,254
003_00086.jpg,1280,720,rumex,415,269,835,444
00401.jpg,1280,720,rumex,151,1,1085,688
001_00046.jpg,1280,720,rumex,139,69,287,211
01291.jpg,1280,720,rumex,1,16,610,532
002_00091.jpg,1280,720,rumex,798,77,1104,229
024_hand_bush00211.jpg,1280,720,rumex,510,275,691,451
025_hand_grass00131.jpg,1280,720,rumex,572,249,1044,377
018_top_grass00106.jpg,1280,720,rumex,60,394,144,443
00331.jpg,1280,720,rumex,381,1,1097,609
017_top_grass00021.jpg,1280,720,rumex,610,12,690,52
01331.jpg,1280,720,rumex,1,3,645,642
017_top_grass00286.jpg,1280,720,rumex,423,270,626,390
01556.jpg,1280,720,rumex,1,11,980,663
019_top_grass00036.jpg,1280,720,rumex,650,196,724,254
024_hand_bush00126.jpg,1280,720,rumex,476,258,886,588
018_top_grass00026.jpg,1280,720,rumex,185,15,268,98
004_00321.jpg,1280,720,rumex,499,195,1081,720
017_top_grass00216.jpg,1280,720,rumex,490,475,634,552
025_hand_grass00031.jpg,1280,720,rumex,604,213,834,275
01266.jpg,1280,720,rumex,1,16,597,485
026_00136.jpg,1280,720,rumex,805,476,949,614
00731.jpg,1280,720,rumex,46,15,1218,656
018_top_grass00161.jpg,1280,720,rumex,485,385,576,537
01581.jpg,1280,720,rumex,8,1,961,687
00456.jpg,1280,720,rumex,93,1,1143,720
019_top_grass00031.jpg,1280,720,rumex,670,161,738,217
026_00081.jpg,1280,720,rumex,716,60,858,215
01821.jpg,1280,720,rumex,3,4,1048,720
027_00001.jpg,1280,720,rumex,558,154,618,295
027_00071.jpg,1280,720,rumex,735,581,797,720
018_top_grass00096.jpg,1280,720,rumex,859,172,896,257
024_hand_bush00166.jpg,1280,720,rumex,484,173,801,445
017_top_grass00161.jpg,1280,720,rumex,591,580,698,647
01681.jpg,1280,720,rumex,1,10,987,711
017_top_grass00126.jpg,1280,720,rumex,517,281,626,352
017_top_grass00076.jpg,1280,720,rumex,631,617,707,680
017_top_grass00276.jpg,1280,720,rumex,756,233,884,330
019_top_grass00111.jpg,1280,720,rumex,706,557,790,616
018_top_grass00121.jpg,1280,720,rumex,840,320,891,406
024_hand_bush00116.jpg,1280,720,rumex,538,291,925,630
001_00051.jpg,1280,720,rumex,561,114,938,404
002_00046.jpg,1280,720,rumex,1,574,144,717
017_top_grass00116.jpg,1280,720,rumex,694,180,770,236
004_00091.jpg,1280,720,rumex,399,35,905,361
01261.jpg,1280,720,rumex,1,14,608,545
019_top_grass00041.jpg,1280,720,rumex,618,112,673,178
018_top_grass00056.jpg,1280,720,rumex,824,1,861,72
025_hand_grass00066.jpg,1280,720,rumex,519,397,879,483
017_top_grass00026.jpg,1280,720,rumex,432,1,559,61
024_hand_bush00201.jpg,1280,720,rumex,494,245,713,440
00981.jpg,1280,720,rumex,1,16,748,707
00771.jpg,1280,720,rumex,1,11,1206,704
001_00086.jpg,1280,720,rumexw,624,169,824,323
001_00206.jpg,1280,720,rumex,135,254,371,524
002_00161.jpg,1280,720,rumex,213,580,322,720
018_top_grass00131.jpg,1280,720,rumex,717,474,807,611
001_00036.jpg,1280,720,rumex,621,29,976,252
00626.jpg,1280,720,rumex,46,13,1210,698
01416.jpg,1280,720,rumex,1,19,682,653
01351.jpg,1280,720,rumex,6,1,623,600
018_top_grass00091.jpg,1280,720,rumex,869,148,905,237
001_00146.jpg,1280,720,rumex,953,297,1005,355
00126.jpg,1280,720,rumex,750,1,1179,241
00231.jpg,1280,720,rumex,452,1,983,469
